{"cameraMode":{"drawMode":0,"name":"Shaded","section":"Shading Mode"},"sceneLighting":true,"audioPlay":false,"sceneViewState":{"m_AlwaysRefresh":false,"showFog":true,"showSkybox":true,"showFlares":true,"showImageEffects":true,"showParticleSystems":true,"showVisualEffectGraphs":true,"m_FxEnabled":true},"in2DMode":false,"pivot":{"x":0.6758300065994263,"y":-2.079707145690918,"z":-7.647631645202637},"rotation":{"x":-0.0823826864361763,"y":-0.023915957659482957,"z":-0.001977542182430625,"w":0.9963123202323914},"size":7.551067352294922,"orthographic":true}